{"cameraMode":{"drawMode":0,"name":"Shaded","section":"Shading Mode"},"sceneLighting":false,"audioPlay":false,"sceneViewState":{"m_AlwaysRefresh":false,"showFog":true,"showSkybox":true,"showFlares":true,"showImageEffects":true,"showParticleSystems":true,"showVisualEffectGraphs":true,"m_FxEnabled":false},"in2DMode":false,"pivot":{"x":11.177358627319336,"y":-11.214423179626465,"z":-16.68634605407715},"rotation":{"x":0.4805152416229248,"y":0.021788015961647035,"z":-0.011697664856910706,"w":0.8768448829650879},"size":11.112763404846192,"orthographic":false}