{"cameraMode":{"drawMode":0,"name":"Shaded","section":"Shading Mode"},"sceneLighting":false,"audioPlay":false,"sceneViewState":{"m_AlwaysRefresh":false,"showFog":true,"showSkybox":true,"showFlares":true,"showImageEffects":true,"showParticleSystems":true,"showVisualEffectGraphs":true,"m_FxEnabled":true},"in2DMode":false,"pivot":{"x":11.06094741821289,"y":-227.99000549316407,"z":14.054259300231934},"rotation":{"x":-0.6284651756286621,"y":0.06944964826107025,"z":-0.056575413793325427,"w":-0.7727441191673279},"size":126.72779846191406,"orthographic":false}